data,cidade,estado,pm25,pm10,no2,o3,temperatura,umidade,indice_qualidade_ar,nivel_alerta
2025-01-01,Brasília,DF,33.7,60.9,44.6,31.8,25.5,57.8,61.7,Moderado
2025-01-01,Curitiba,PR,25.7,22.1,29.4,40.0,17.1,77.4,43.4,Moderado
2025-01-01,Salvador,BA,18.8,27.6,29.2,60.2,29.3,78.0,47.5,Moderado
2025-01-02,Curitiba,PR,12.4,41.1,20.0,32.6,20.3,85.7,35.8,Bom
2025-01-03,Belo Horizonte,MG,32.0,57.3,36.4,23.5,26.3,74.6,54.1,Moderado
2025-01-03,Recife,PE,20.5,19.6,28.3,35.2,30.0,76.3,38.0,Bom
2025-01-04,Fortaleza,CE,11.3,53.4,29.8,24.3,32.2,73.8,39.8,Bom
2025-01-04,Rio de Janeiro,RJ,21.2,26.1,29.4,52.4,24.5,80.8,46.0,Moderado
2025-01-05,Curitiba,PR,18.9,23.5,33.9,40.8,21.3,79.3,42.1,Moderado
2025-01-05,Fortaleza,CE,15.7,39.9,20.3,52.1,28.7,71.4,43.5,Moderado
2025-01-08,Porto Alegre,RS,21.0,53.0,21.5,40.8,20.2,80.9,46.9,Moderado
2025-01-09,Rio de Janeiro,RJ,27.0,62.3,41.2,33.1,27.4,66.2,57.7,Moderado
2025-01-10,Rio de Janeiro,RJ,13.1,34.4,27.9,35.6,25.8,79.4,38.2,Bom
2025-01-10,Salvador,BA,34.0,39.0,23.1,34.8,26.3,87.5,48.6,Moderado
2025-01-11,Manaus,AM,37.5,40.1,25.7,45.9,28.8,81.3,55.2,Moderado
2025-01-11,Salvador,BA,15.2,52.1,30.3,20.0,27.2,84.7,40.3,Moderado
2025-01-12,Rio de Janeiro,RJ,16.0,24.5,47.3,52.5,29.5,69.2,49.5,Moderado
2025-01-12,Salvador,BA,24.7,16.8,15.0,32.6,29.4,87.1,33.7,Bom
2025-01-13,Belo Horizonte,MG,28.2,45.5,32.3,19.5,23.8,64.3,46.0,Moderado
2025-01-13,Rio de Janeiro,RJ,25.7,43.2,31.7,25.6,28.2,69.9,45.7,Moderado
2025-01-14,Manaus,AM,10.7,40.7,21.8,34.7,29.9,77.3,36.1,Bom
2025-01-15,Manaus,AM,25.6,45.0,24.4,30.7,29.4,90.0,45.0,Moderado
2025-01-15,Manaus,AM,15.4,54.3,24.2,43.5,30.9,80.1,46.1,Moderado
2025-01-16,Recife,PE,21.1,46.4,22.1,36.8,31.2,88.2,44.0,Moderado
2025-01-17,Curitiba,PR,25.1,47.4,19.8,33.1,19.4,81.2,44.4,Moderado
2025-01-17,Curitiba,PR,36.9,26.6,28.5,41.2,18.5,85.5,50.6,Moderado
2025-01-17,Manaus,AM,31.4,38.1,23.1,18.7,31.5,86.9,41.9,Moderado
2025-01-18,Brasília,DF,29.8,49.9,34.0,33.6,26.7,51.2,53.1,Moderado
2025-01-19,Brasília,DF,25.8,43.2,29.9,37.6,25.6,53.8,48.8,Moderado
2025-01-19,Curitiba,PR,30.0,37.4,27.7,21.0,19.3,78.7,43.4,Moderado
2025-01-19,Fortaleza,CE,12.2,23.8,18.9,33.0,30.7,76.7,30.6,Bom
2025-01-20,Brasília,DF,19.3,39.3,32.4,38.5,25.8,64.0,45.5,Moderado
2025-01-20,Recife,PE,19.6,34.6,19.6,34.7,28.5,87.1,38.3,Bom
2025-01-21,Manaus,AM,31.6,55.2,28.7,28.4,29.6,89.7,52.0,Moderado
2025-01-21,Manaus,AM,20.1,33.7,29.6,45.2,29.2,88.7,45.4,Moderado
2025-01-21,São Paulo,SP,25.0,60.5,45.5,40.9,21.7,72.5,60.1,Moderado
2025-01-22,Brasília,DF,21.4,79.3,37.5,24.8,26.7,55.9,55.5,Moderado
2025-01-22,Brasília,DF,22.1,70.8,36.6,45.3,24.1,59.0,59.5,Moderado
2025-01-22,Curitiba,PR,12.9,48.3,24.6,29.2,18.1,75.0,38.8,Bom
2025-01-22,Porto Alegre,RS,19.4,51.1,27.6,38.4,19.9,79.4,47.0,Moderado
2025-01-24,Manaus,AM,35.0,42.8,32.2,21.0,29.7,86.4,49.3,Moderado
2025-01-24,Recife,PE,23.1,43.6,33.9,28.4,29.3,76.5,46.1,Moderado
2025-01-24,Rio de Janeiro,RJ,23.3,46.6,20.8,33.1,29.2,78.3,43.6,Moderado
2025-01-24,Salvador,BA,21.6,46.6,31.0,35.0,27.5,81.1,47.1,Moderado
2025-01-27,Belo Horizonte,MG,24.3,35.7,22.1,19.0,23.5,63.9,37.2,Bom
2025-01-27,Curitiba,PR,16.3,27.6,28.9,24.9,19.4,72.7,35.0,Bom
2025-01-27,Manaus,AM,27.8,43.4,20.1,23.7,32.4,86.4,41.9,Moderado
2025-01-27,Manaus,AM,28.2,33.8,24.4,19.4,32.4,86.0,39.7,Bom
2025-01-27,Porto Alegre,RS,23.6,42.4,29.5,17.0,19.0,74.8,40.8,Moderado
2025-01-27,Recife,PE,15.7,47.9,27.6,47.3,31.3,82.6,46.9,Moderado
2025-01-27,Salvador,BA,15.3,29.5,27.7,40.4,26.1,77.8,39.4,Bom
2025-01-28,Brasília,DF,18.4,37.2,40.2,20.1,22.6,54.0,41.6,Moderado
2025-01-28,Manaus,AM,14.7,45.0,28.8,35.7,31.9,90.5,42.4,Moderado
2025-01-28,Porto Alegre,RS,15.3,42.6,37.0,38.0,18.8,73.5,45.9,Moderado
2025-01-28,São Paulo,SP,41.4,67.9,16.7,34.5,23.3,75.2,58.1,Moderado
2025-01-29,Brasília,DF,7.1,33.8,14.4,48.1,26.3,65.2,33.7,Bom
2025-01-29,Recife,PE,19.5,29.1,20.4,32.0,30.7,77.8,36.2,Bom
2025-01-29,Salvador,BA,16.3,40.8,30.9,37.3,28.0,81.1,43.4,Moderado
2025-01-29,Salvador,BA,9.6,32.8,24.3,27.1,28.5,75.1,31.9,Bom
2025-01-30,Curitiba,PR,32.0,45.1,35.1,8,17.7,79.1,45.3,Moderado
2025-01-30,Curitiba,PR,29.3,46.5,37.2,33.1,17.7,84.8,52.9,Moderado
2025-01-31,Belo Horizonte,MG,28.0,39.4,29.2,23.5,22.6,63.1,44.2,Moderado
2025-01-31,Curitiba,PR,19.3,34.1,32.9,27.9,19.4,78.5,40.9,Moderado
2025-01-31,Manaus,AM,17.5,43.9,22.7,24.0,29.9,77.8,37.7,Bom
2025-01-31,Recife,PE,28.6,51.6,25.2,48.8,31.5,86.9,54.4,Moderado
2025-02-01,Rio de Janeiro,RJ,27.1,33.5,36.0,47.2,28.0,68.9,52.1,Moderado
2025-02-01,Salvador,BA,27.0,48.1,14.2,37.5,29.0,72.5,44.9,Moderado
2025-02-02,Rio de Janeiro,RJ,15.1,29.0,40.8,31.9,27.3,69.4,41.4,Moderado
2025-02-02,Salvador,BA,11.7,42.8,16.9,27.3,27.6,71.8,33.1,Bom
2025-02-03,Porto Alegre,RS,28.0,34.8,23.5,21.9,21.1,80.6,40.3,Moderado
2025-02-03,Recife,PE,11.6,28.2,13.6,40.2,29.7,83.5,31.8,Bom
2025-02-04,Curitiba,PR,16.2,37.2,18.3,20.5,21.5,67.6,32.3,Bom
2025-02-04,Fortaleza,CE,12.0,46.6,22.6,39.0,29.5,67.9,40.1,Moderado
2025-02-04,Porto Alegre,RS,23.3,42.5,25.1,21.8,21.5,73.6,40.6,Moderado
2025-02-05,Recife,PE,29.9,40.6,26.8,43.4,28.7,80.6,50.9,Moderado
2025-02-05,São Paulo,SP,28.1,57.3,50.4,43.9,26.9,69.1,63.7,Moderado
2025-02-06,Recife,PE,23.9,33.0,24.4,34.5,30.7,73.4,41.9,Moderado
2025-02-07,Curitiba,PR,25.4,34.0,34.1,24.8,20.4,75.3,43.6,Moderado
2025-02-08,Curitiba,PR,23.0,52.7,22.9,40.9,21.0,80.8,48.4,Moderado
2025-02-08,Curitiba,PR,28.9,34.7,26.9,26.8,19.7,79.8,43.6,Moderado
2025-02-08,Recife,PE,18.7,33.1,21.6,51.8,31.0,71.5,43.5,Moderado
2025-02-08,Rio de Janeiro,RJ,15.1,25.6,18.4,30.7,30.5,77.1,31.7,Bom
2025-02-08,Salvador,BA,17.6,41.5,19.9,30.7,29.8,72.4,38.1,Bom
2025-02-08,São Paulo,SP,15.1,47.6,41.2,35.5,25.4,68.0,48.0,Moderado
2025-02-09,Belo Horizonte,MG,10.3,43.1,21.5,41.9,25.6,58.3,38.8,Bom
2025-02-09,Recife,PE,9.8,29.7,21.2,22.6,29.5,79.5,28.6,Bom
2025-02-10,Belo Horizonte,MG,22.6,31.7,24.1,27.2,26.0,62.6,38.5,Bom
2025-02-10,Curitiba,PR,10.3,43.7,23.0,30.2,20.3,80.3,35.8,Bom
2025-02-11,Belo Horizonte,MG,30.7,57.9,36.1,30.6,25.4,66.6,55.7,Moderado
2025-02-11,Salvador,BA,18.2,41.6,7.0,24.9,31.2,81.7,31.8,Bom
2025-02-12,Salvador,BA,15.0,33.4,18.0,39.7,29.4,81.4,36.5,Bom
2025-02-12,São Paulo,SP,26.8,50.6,34.0,38.0,25.2,63.7,53.1,Moderado
2025-02-13,Salvador,BA,23.8,19.6,23.9,23.4,31.8,79.0,34.4,Bom
2025-02-14,Belo Horizonte,MG,18.8,39.7,37.1,31.7,23.9,63.7,45.0,Moderado
2025-02-14,Curitiba,PR,25.5,32.3,18.2,30.4,20.1,75.8,39.0,Bom
2025-02-14,Rio de Janeiro,RJ,21.1,46.9,14.2,42.0,27.9,69.9,42.9,Moderado
2025-02-16,Belo Horizonte,MG,22.0,47.9,33.3,12.8,27.5,61.7,41.6,Moderado
2025-02-16,Fortaleza,CE,20.2,43.9,29.1,44.1,31.4,73.0,47.8,Moderado
2025-02-16,Porto Alegre,RS,19.0,49.2,28.9,31.2,23.2,71.7,44.5,Moderado
2025-02-17,Brasília,DF,23.5,63.0,31.9,39.5,27.2,54.3,54.5,Moderado
2025-02-17,São Paulo,SP,17.3,52.1,38.3,29.6,24.0,67.5,47.5,Moderado
2025-02-17,São Paulo,SP,25.2,38.9,52.6,38.1,25.7,68.8,56.0,Moderado
2025-02-18,Manaus,AM,14.2,43.3,20.1,26.3,32.2,85.1,35.5,Bom
2025-02-21,Curitiba,PR,24.5,32.5,19.6,38.7,19.9,74.8,41.6,Moderado
2025-02-21,Porto Alegre,RS,19.9,48.5,26.9,24.7,24.2,70.2,42.0,Moderado
2025-02-22,Belo Horizonte,MG,33.0,61.8,27.3,37.4,24.9,65.9,56.8,Moderado
2025-02-22,Fortaleza,CE,24.0,39.0,24.0,32.9,33.1,79.9,43.0,Moderado
2025-02-22,Salvador,BA,16.5,47.4,14.5,36.4,27.4,80.1,38.9,Bom
2025-02-22,Salvador,BA,24.3,20.0,23.1,45.6,30.5,77.8,41.4,Moderado
2025-02-23,Belo Horizonte,MG,32.6,34.4,11.9,46.7,24.9,66.1,46.1,Moderado
2025-02-24,Recife,PE,13.2,36.7,17.0,27.3,28.1,74.6,32.2,Bom
2025-02-24,Recife,PE,28.7,50.7,28.1,51.2,29.3,73.6,56.0,Moderado
2025-02-24,Rio de Janeiro,RJ,21.8,52.0,27.1,50.1,28.8,65.1,52.0,Moderado
2025-02-24,São Paulo,SP,33.7,30.5,25.6,36.2,25.9,65.0,47.4,Moderado
2025-02-25,Curitiba,PR,26.6,42.8,27.8,37.6,19.8,76.4,48.3,Moderado
2025-02-25,Manaus,AM,17.6,43.8,6.3,25.1,30.8,76.1,31.9,Bom
2025-02-25,Salvador,BA,16.8,30.1,10.2,46.8,27.1,83.4,35.8,Bom
2025-02-27,Curitiba,PR,34.2,39.2,20.0,24.6,19.2,74.4,44.4,Moderado
2025-02-27,Manaus,AM,15.4,41.0,25.8,36.4,30.3,82.3,40.8,Moderado
2025-02-27,Recife,PE,31.5,46.4,32.0,34.2,29.2,80.7,52.5,Moderado
2025-02-28,Fortaleza,CE,27.3,39.6,16.6,21.5,29.5,77.0,38.6,Bom
2025-03-01,Porto Alegre,RS,16.9,46.1,45.1,22.8,21.4,71.1,46.0,Moderado
2025-03-01,Recife,PE,19.1,51.4,37.5,45.1,29.8,83.8,52.8,Moderado
2025-03-01,Recife,PE,33.4,45.7,22.9,28.4,29.6,80.8,48.1,Moderado
2025-03-02,Curitiba,PR,33.3,31.6,24.4,20.8,22.8,77.7,42.2,Moderado
2025-03-03,Belo Horizonte,MG,38.0,48.7,23.6,39.1,24.2,56.9,55.0,Moderado
2025-03-04,Belo Horizonte,MG,18.6,44.8,25.5,18.9,27.6,59.1,37.9,Bom
2025-03-04,Salvador,BA,24.2,49.1,26.8,24.7,28.3,75.0,44.4,Moderado
2025-03-05,Belo Horizonte,MG,25.3,42.4,25.8,16.7,24.6,66.0,40.3,Moderado
2025-03-05,Brasília,DF,27.0,86.6,34.8,41.7,26.5,57.9,64.8,Moderado
2025-03-05,Fortaleza,CE,16.1,48.4,23.1,28.1,33.4,79.0,39.6,Bom
2025-03-06,Brasília,DF,23.9,53.3,35.5,26.1,25.7,53.3,49.2,Moderado
2025-03-06,Porto Alegre,RS,34.0,53.3,19.2,22.8,24.2,73.5,47.4,Moderado
2025-03-08,Curitiba,PR,17.6,17.2,35.3,34.5,20.1,72.1,38.2,Bom
2025-03-08,Recife,PE,19.4,49.4,28.6,16.3,32.1,83.7,40.0,Moderado
2025-03-09,Brasília,DF,30.2,53.9,30.1,35.3,27.5,52.4,53.5,Moderado
2025-03-09,Fortaleza,CE,29.7,46.3,29.2,19.8,32.7,72.0,45.9,Moderado
2025-03-09,Manaus,AM,31.2,27.1,25.1,19.6,36.0,82.6,39.7,Bom
2025-03-09,Rio de Janeiro,RJ,29.5,40.1,21.7,48.0,30.6,62.6,50.1,Moderado
2025-03-09,Salvador,BA,13.8,43.7,27.4,43.2,30.0,81.1,43.4,Moderado
2025-03-10,Brasília,DF,35.0,73.1,16.1,33.7,28.4,51.2,55.7,Moderado
2025-03-10,Brasília,DF,29.0,62.4,21.7,36.3,27.0,49.7,52.4,Moderado
2025-03-10,Curitiba,PR,24.9,30.8,25.2,17.5,20.6,77.6,36.8,Bom
2025-03-11,Belo Horizonte,MG,20.2,57.1,5,19.1,26.5,57.8,34.6,Bom
2025-03-12,Belo Horizonte,MG,45.1,45.0,34.1,33.0,29.1,60.2,59.7,Moderado
2025-03-12,Manaus,AM,19.0,45.5,31.6,24.6,35.5,72.5,42.4,Moderado
2025-03-13,Curitiba,PR,29.2,39.7,16.3,38.4,19.3,66.1,44.8,Moderado
2025-03-13,Recife,PE,30.8,48.1,23.4,37.1,33.1,79.7,50.3,Moderado
2025-03-13,São Paulo,SP,37.2,32.2,33.3,45.3,25.6,64.3,55.5,Moderado
2025-03-13,São Paulo,SP,44.1,56.1,41.7,42.4,26.5,61.5,68.1,Moderado
2025-03-14,Rio de Janeiro,RJ,33.0,27.8,30.3,54.0,30.7,70.1,53.6,Moderado
2025-03-15,Fortaleza,CE,18.0,38.8,11.9,24.1,31.4,68.6,32.5,Bom
2025-03-16,Porto Alegre,RS,26.3,38.8,30.8,25.5,26.0,72.3,44.4,Moderado
2025-03-16,Porto Alegre,RS,21.8,62.7,42.4,32.0,25.3,74.7,55.1,Moderado
2025-03-18,Fortaleza,CE,17.2,58.2,13.2,51.7,32.3,72.4,46.6,Moderado
2025-03-18,Fortaleza,CE,29.3,44.6,28.9,42.6,33.4,64.7,52.3,Moderado
2025-03-18,Manaus,AM,30.9,52.4,32.1,27.4,32.8,81.0,51.8,Moderado
2025-03-19,Curitiba,PR,24.7,49.5,34.9,14.3,19.1,72.2,44.6,Moderado
2025-03-19,Porto Alegre,RS,30.2,62.1,23.2,24.6,25.0,65.4,49.9,Moderado
2025-03-20,Brasília,DF,27.9,51.8,26.3,36.3,28.2,50.8,50.6,Moderado
2025-03-20,Recife,PE,22.3,41.0,22.8,29.1,30.5,82.6,41.0,Moderado
2025-03-21,Manaus,AM,33.6,61.8,25.3,38.2,35.7,75.5,56.7,Moderado
2025-03-21,Manaus,AM,29.8,51.6,26.1,25.9,31.6,79.0,48.2,Moderado
2025-03-21,Rio de Janeiro,RJ,24.6,55.6,20.7,33.8,29.2,71.0,47.0,Moderado
2025-03-21,Salvador,BA,21.9,40.0,38.6,26.5,31.9,81.3,45.6,Moderado
2025-03-22,Curitiba,PR,14.2,63.4,26.8,25.9,21.6,76.6,43.5,Moderado
2025-03-22,Manaus,AM,30.1,42.3,17.0,46.5,32.7,80.6,48.8,Moderado
2025-03-22,Recife,PE,25.1,34.2,20.7,33.5,31.4,83.9,41.2,Moderado
2025-03-22,Recife,PE,28.0,38.2,9.7,26.1,29.4,74.0,37.4,Bom
2025-03-22,Salvador,BA,21.7,25.2,25.7,35.1,29.9,79.2,39.2,Bom
2025-03-23,Curitiba,PR,18.0,40.0,44.7,31.8,21.6,73.9,47.5,Moderado
2025-03-23,Porto Alegre,RS,31.0,50.1,38.3,35.0,25.5,77.7,55.9,Moderado
2025-03-24,Belo Horizonte,MG,27.6,52.3,24.2,20.3,25.0,64.5,44.8,Moderado
2025-03-24,Porto Alegre,RS,24.3,44.8,42.8,36.8,24.8,72.5,53.1,Moderado
2025-03-24,São Paulo,SP,36.9,28.4,24.6,35.7,25.0,69.8,48.0,Moderado
2025-03-25,Belo Horizonte,MG,26.5,35.3,24.1,49.0,28.4,57.5,48.4,Moderado
2025-03-25,Curitiba,PR,26.3,33.4,36.0,34.5,22.7,76.0,47.6,Moderado
2025-03-25,Porto Alegre,RS,14.2,48.4,26.4,31.0,24.0,66.0,40.7,Moderado
2025-03-25,Salvador,BA,24.8,26.7,15.7,32.9,30.1,77.5,36.9,Bom
2025-03-26,Curitiba,PR,19.9,44.2,26.0,24.5,23.8,80.4,40.4,Moderado
2025-03-26,Manaus,AM,18.3,58.0,31.0,27.9,34.7,72.4,46.4,Moderado
2025-03-26,Recife,PE,29.3,38.3,33.2,26.3,33.3,83.4,47.0,Moderado
2025-03-27,Porto Alegre,RS,33.6,30.7,40.7,41.0,23.0,75.7,54.6,Moderado
2025-03-27,Rio de Janeiro,RJ,22.3,42.4,32.3,49.0,29.3,68.4,51.2,Moderado
2025-03-27,Salvador,BA,29.3,36.3,14.6,43.1,31.3,68.4,44.7,Moderado
2025-03-27,Salvador,BA,24.3,24.5,23.0,24.8,31.3,83.1,36.2,Bom
2025-03-28,Manaus,AM,14.6,18.1,26.8,33.8,34.5,77.4,33.5,Bom
2025-03-28,Recife,PE,23.4,56.8,12.5,40.8,29.1,72.6,45.8,Moderado
2025-03-28,Salvador,BA,25.4,56.8,40.8,32.0,28.8,76.4,54.8,Moderado
2025-03-29,Brasília,DF,34.6,46.4,6.8,37.4,25.2,56.3,45.7,Moderado
2025-03-29,Curitiba,PR,20.6,40.8,28.5,19.6,22.3,81.3,39.2,Bom
2025-03-29,Salvador,BA,27.0,18.5,35.0,43.3,32.1,77.6,46.2,Moderado
2025-03-30,Fortaleza,CE,23.8,49.0,28.0,36.2,34.8,67.3,48.2,Moderado
2025-03-31,Curitiba,PR,17.9,46.1,23.0,36.3,22.2,75.9,42.4,Moderado
2025-03-31,Manaus,AM,6,45.0,31.3,25.4,34.2,78.5,35.5,Bom
2025-03-31,Manaus,AM,25.1,51.0,32.4,30.3,33.0,83.4,49.3,Moderado
2025-03-31,Porto Alegre,RS,25.8,52.2,27.7,28.8,23.6,65.1,47.8,Moderado
2025-03-31,Porto Alegre,RS,28.0,18.9,26.3,29.5,21.7,76.2,39.3,Bom
2025-03-31,São Paulo,SP,36.2,48.1,25.9,26.4,25.5,70.1,50.7,Moderado
2025-03-31,São Paulo,SP,33.5,51.0,50.0,18.8,25.2,73.1,56.8,Moderado
2025-04-01,Belo Horizonte,MG,27.7,35.9,18.4,22.9,25.7,59.1,38.9,Bom
2025-04-02,Belo Horizonte,MG,10.7,37.5,28.9,23.4,29.2,67.7,34.4,Bom
2025-04-02,Belo Horizonte,MG,24.9,48.1,15.0,25.5,28.9,57.2,40.4,Moderado
2025-04-02,São Paulo,SP,40.0,56.5,56.0,19.8,24.6,67.3,64.3,Moderado
2025-04-03,Brasília,DF,29.5,33.9,12.1,25.7,27.0,52.5,37.8,Bom
2025-04-04,Recife,PE,27.6,34.7,31.1,24.1,30.9,72.0,43.6,Moderado
2025-04-04,Rio de Janeiro,RJ,17.7,45.7,29.0,27.3,28.2,62.8,41.7,Moderado
2025-04-05,Manaus,AM,26.2,57.1,30.8,25.3,36.0,82.1,49.4,Moderado
2025-04-05,Rio de Janeiro,RJ,26.0,41.5,24.9,48.7,32.4,68.6,50.0,Moderado
2025-04-06,Belo Horizonte,MG,39.0,50.0,33.1,41.6,27.7,60.9,60.2,Moderado
2025-04-06,Brasília,DF,40.3,71.6,7.6,35.1,27.3,48.2,55.4,Moderado
2025-04-06,Rio de Janeiro,RJ,26.7,44.2,31.0,49.2,32.3,72.8,53.6,Moderado
2025-04-07,Curitiba,PR,17.6,15.9,33.4,18.0,23.5,73.9,32.0,Bom
2025-04-07,Rio de Janeiro,RJ,18.1,49.0,23.4,39.0,29.7,75.6,44.4,Moderado
2025-04-08,Brasília,DF,28.6,54.6,43.0,41.2,25.8,51.0,59.5,Moderado
2025-04-08,Recife,PE,17.6,48.4,26.8,31.0,30.0,78.5,42.7,Moderado
2025-04-08,São Paulo,SP,25.5,76.8,28.2,35.9,25.0,65.4,56.9,Moderado
2025-04-09,Fortaleza,CE,34.1,51.9,35.1,45.6,31.6,66.2,60.1,Moderado
2025-04-09,Fortaleza,CE,18.0,67.0,37.5,33.2,35.3,68.5,52.8,Moderado
2025-04-11,Recife,PE,28.3,55.2,29.0,43.7,30.2,83.3,55.1,Moderado
2025-04-12,Manaus,AM,6,36.4,21.2,37.7,34.4,81.4,33.2,Bom
2025-04-13,Belo Horizonte,MG,26.0,45.9,36.7,15.5,25.4,60.1,45.3,Moderado
2025-04-13,Fortaleza,CE,9.2,49.0,22.3,36.6,31.1,77.6,38.5,Bom
2025-04-14,Manaus,AM,32.5,62.8,23.9,27.9,35.5,76.5,52.6,Moderado
2025-04-14,Recife,PE,24.1,32.9,38.7,22.0,34.5,78.0,43.4,Moderado
2025-04-15,Curitiba,PR,14.7,35.5,38.3,28.2,22.2,77.0,41.0,Moderado
2025-04-15,Curitiba,PR,38.0,38.0,19.9,29.3,19.8,79.8,47.5,Moderado
2025-04-15,Recife,PE,15.6,41.0,20.0,31.0,31.6,80.5,37.0,Bom
2025-04-16,Fortaleza,CE,31.5,52.1,22.6,36.3,33.1,69.6,51.2,Moderado
2025-04-16,Rio de Janeiro,RJ,37.8,39.2,19.1,18.2,30.2,72.2,44.0,Moderado
2025-04-17,Brasília,DF,31.2,80.4,32.1,22.9,28.4,58.0,58.4,Moderado
2025-04-17,Brasília,DF,21.2,57.2,38.4,33.6,28.3,61.0,52.2,Moderado
2025-04-17,Brasília,DF,29.6,54.6,37.0,22.0,25.7,47.4,51.8,Moderado
2025-04-17,Rio de Janeiro,RJ,30.0,46.0,27.2,38.0,30.6,65.2,51.0,Moderado
2025-04-20,Fortaleza,CE,29.2,32.3,25.6,46.7,33.2,75.6,48.8,Moderado
2025-04-20,São Paulo,SP,33.7,73.7,57.2,34.3,25.9,61.1,70.8,Ruim
2025-04-21,Rio de Janeiro,RJ,24.1,29.0,36.5,53.4,32.3,62.6,51.3,Moderado
2025-04-22,Porto Alegre,RS,13.4,39.1,37.9,32.8,26.3,72.3,42.6,Moderado
2025-04-23,Brasília,DF,30.6,45.6,36.6,38.7,28.9,58.5,54.9,Moderado
2025-04-23,Manaus,AM,18.8,62.8,21.9,21.3,31.8,74.2,42.5,Moderado
2025-04-23,São Paulo,SP,38.9,53.1,41.2,38.5,25.5,68.6,63.1,Moderado
2025-04-24,Manaus,AM,19.5,44.3,27.6,33.9,34.7,72.7,43.8,Moderado
2025-04-24,Porto Alegre,RS,21.6,34.6,21.1,26.3,23.5,66.9,37.3,Bom
2025-04-25,Curitiba,PR,17.4,58.3,32.6,27.5,19.6,68.1,46.5,Moderado
2025-04-25,São Paulo,SP,32.6,34.1,37.4,24.4,27.7,64.3,48.6,Moderado
2025-04-26,Porto Alegre,RS,45.4,53.6,17.5,19.6,25.5,65.4,51.9,Moderado
2025-04-26,Porto Alegre,RS,13.5,49.1,29.0,18.3,24.2,65.7,37.6,Bom
2025-04-27,Manaus,AM,18.9,47.7,19.8,38.1,36.1,77.5,42.8,Moderado
2025-04-27,Rio de Janeiro,RJ,26.4,41.4,40.8,43.3,31.2,61.0,54.5,Moderado
2025-04-27,Rio de Janeiro,RJ,34.6,35.2,30.3,37.3,31.2,74.6,51.3,Moderado
2025-04-28,Porto Alegre,RS,18.5,31.9,22.4,16.8,24.5,68.6,32.4,Bom
2025-04-28,Salvador,BA,28.3,47.2,28.3,26.6,32.4,72.2,47.2,Moderado
2025-04-30,Fortaleza,CE,25.5,30.5,28.7,26.7,33.2,69.0,41.2,Moderado
2025-04-30,Fortaleza,CE,16.0,34.0,25.2,36.2,35.1,65.3,38.8,Bom
2025-05-01,Belo Horizonte,MG,30.5,53.5,29.6,26.9,24.6,58.8,50.8,Moderado
2025-05-02,Belo Horizonte,MG,19.9,40.3,25.5,34.7,24.7,70.6,42.3,Moderado
2025-05-02,Porto Alegre,RS,13.8,54.1,24.3,29.9,22.6,64.4,41.0,Moderado
2025-05-02,Recife,PE,25.7,51.8,26.5,30.8,32.4,80.3,47.8,Moderado
2025-05-02,Salvador,BA,20.1,42.9,20.9,35.8,31.0,67.9,41.8,Moderado
2025-05-02,Salvador,BA,18.2,31.9,23.0,36.8,29.6,70.0,38.8,Bom
2025-05-03,Manaus,AM,40.3,39.7,26.0,42.5,32.7,72.7,55.6,Moderado
2025-05-04,Salvador,BA,16.8,27.3,13.0,52.0,31.0,70.7,37.7,Bom
2025-05-05,Brasília,DF,27.4,62.9,26.3,44.1,28.0,48.4,55.9,Moderado
2025-05-06,São Paulo,SP,30.1,35.0,23.8,32.0,25.7,66.0,44.8,Moderado
2025-05-07,Brasília,DF,19.1,66.6,25.8,31.2,26.3,49.9,48.3,Moderado
2025-05-07,Curitiba,PR,29.4,59.6,26.8,26.7,21.4,68.2,50.8,Moderado
2025-05-07,Fortaleza,CE,13.1,29.1,23.9,25.1,32.2,77.1,32.0,Bom
2025-05-07,São Paulo,SP,34.5,59.2,32.6,22.5,24.1,60.0,54.2,Moderado
2025-05-08,Brasília,DF,32.1,50.8,43.0,39.8,25.6,47.3,59.9,Moderado
2025-05-08,Rio de Janeiro,RJ,15.0,29.9,34.0,49.2,27.7,73.9,44.5,Moderado
2025-05-08,Salvador,BA,20.1,41.8,18.2,41.7,30.2,79.2,42.3,Moderado
2025-05-10,Salvador,BA,24.4,40.8,22.0,29.7,31.8,73.4,42.0,Moderado
2025-05-11,Recife,PE,19.9,38.4,23.7,36.4,33.2,80.6,41.6,Moderado
2025-05-12,Salvador,BA,18.8,21.8,13.1,37.3,31.9,75.5,32.7,Bom
2025-05-14,Salvador,BA,23.2,46.2,22.8,21.3,32.9,68.9,40.5,Moderado
2025-05-16,Brasília,DF,37.5,65.3,20.1,33.0,28.4,50.4,56.1,Moderado
2025-05-16,Manaus,AM,6.2,37.1,16.5,37.8,35.1,83.3,31.7,Bom
2025-05-16,Manaus,AM,18.7,60.8,5.4,39.9,31.3,81.2,41.5,Moderado
2025-05-16,São Paulo,SP,21.8,72.0,39.0,30.4,24.1,70.8,56.0,Moderado
2025-05-17,Brasília,DF,39.8,65.2,34.0,24.8,29.1,57.3,60.0,Moderado
2025-05-17,Manaus,AM,37.9,31.6,29.4,41.1,35.9,79.9,52.9,Moderado
2025-05-19,Manaus,AM,34.0,44.7,20.7,47.1,31.4,82.1,53.1,Moderado
2025-05-19,Porto Alegre,RS,33.2,52.7,28.6,27.7,24.5,74.7,51.8,Moderado
2025-05-19,Recife,PE,24.2,61.7,25.6,30.2,30.0,73.8,49.2,Moderado
2025-05-20,Belo Horizonte,MG,21.7,62.9,35.4,22.0,25.5,58.0,49.4,Moderado
2025-05-20,Belo Horizonte,MG,27.8,48.3,36.8,22.1,27.6,59.6,49.1,Moderado
2025-05-20,Brasília,DF,40.8,52.0,21.6,27.6,27.8,47.8,53.0,Moderado
2025-05-20,São Paulo,SP,32.0,67.5,47.2,31.4,25.2,67.6,63.5,Moderado
2025-05-21,Curitiba,PR,20.5,58.1,33.3,37.5,21.1,71.2,51.4,Moderado
2025-05-21,Porto Alegre,RS,28.8,48.9,24.2,26.2,25.4,63.9,46.3,Moderado
2025-05-21,Recife,PE,24.6,12.2,35.3,24.9,29.1,82.5,37.5,Bom
2025-05-22,Porto Alegre,RS,22.4,36.0,30.2,32.3,23.8,76.0,43.4,Moderado
2025-05-22,Rio de Janeiro,RJ,19.5,35.9,22.5,41.7,29.6,77.2,41.9,Moderado
2025-05-22,Salvador,BA,24.3,32.6,30.6,46.9,29.4,79.0,48.2,Moderado
2025-05-23,Belo Horizonte,MG,47.8,32.2,33.6,36.9,24.5,55.9,58.6,Moderado
2025-05-23,Salvador,BA,19.0,41.5,34.6,44.2,28.9,83.0,48.6,Moderado
2025-05-24,Brasília,DF,26.5,51.5,36.1,42.7,29.2,55.6,55.4,Moderado
2025-05-24,Salvador,BA,20.3,39.2,26.5,32.2,32.5,78.9,41.8,Moderado
2025-05-25,Brasília,DF,20.3,83.2,33.3,36.8,27.0,53.4,58.2,Moderado
2025-05-25,Rio de Janeiro,RJ,23.0,31.5,28.6,50.6,31.4,65.4,47.6,Moderado
2025-05-26,Brasília,DF,23.3,49.9,31.8,29.8,28.7,54.6,47.6,Moderado
2025-05-26,Manaus,AM,27.4,47.5,29.2,26.5,33.4,78.7,47.1,Moderado
2025-05-27,Brasília,DF,22.6,32.7,32.8,30.9,25.2,58.7,43.2,Moderado
2025-05-27,Brasília,DF,44.6,47.5,23.7,28.0,28.7,55.2,54.7,Moderado
2025-05-27,Curitiba,PR,28.2,32.9,31.8,34.5,20.9,78.2,46.9,Moderado
2025-05-27,Fortaleza,CE,31.3,41.6,24.4,29.4,32.2,80.0,46.7,Moderado
2025-05-27,Fortaleza,CE,10.3,51.6,23.5,18.0,32.8,78.2,34.4,Bom
2025-05-27,Salvador,BA,33.1,26.5,22.9,33.7,30.4,67.8,44.2,Moderado
2025-05-27,São Paulo,SP,38.7,32.3,24.3,36.0,27.7,67.2,50.0,Moderado
2025-05-28,Curitiba,PR,26.5,37.4,18.2,24.2,20.7,76.0,39.0,Bom
2025-05-28,Fortaleza,CE,22.9,39.0,29.9,39.2,33.4,71.1,46.6,Moderado
2025-05-28,Fortaleza,CE,25.8,47.4,21.3,29.7,33.2,66.6,44.3,Moderado
2025-05-29,Belo Horizonte,MG,25.3,45.6,36.2,32.6,28.5,54.8,50.0,Moderado
2025-05-29,Porto Alegre,RS,25.3,37.1,18.9,37.8,22.7,63.8,42.8,Moderado
2025-05-30,Brasília,DF,24.4,37.5,46.6,30.7,27.4,51.6,50.6,Moderado
2025-05-30,Recife,PE,17.7,37.9,30.9,26.5,32.1,81.4,39.9,Bom
2025-05-31,Belo Horizonte,MG,27.9,46.1,7.7,21.4,24.4,69.1,37.4,Bom
2025-05-31,São Paulo,SP,31.5,66.7,36.7,27.9,24.9,66.6,58.0,Moderado
2025-06-01,Recife,PE,15.2,63.1,14.7,33.5,28.8,75.8,41.8,Moderado
2025-06-01,Rio de Janeiro,RJ,45.1,70.1,37.4,48.0,28.1,78.9,72.7,Ruim
2025-06-02,Manaus,AM,53.6,79.5,25.2,36.2,31.7,74.9,71.6,Ruim
2025-06-02,Recife,PE,29.7,57.8,18.8,35.4,30.3,81.5,50.1,Moderado
2025-06-03,Brasília,DF,41.5,58.1,40.0,25.6,28.7,49.2,61.4,Moderado
2025-06-03,Brasília,DF,28.7,91.4,23.8,34.4,28.2,56.3,60.6,Moderado
2025-06-03,Curitiba,PR,25.6,48.1,19.9,33.4,22.3,69.8,45.0,Moderado
2025-06-03,Curitiba,PR,23.0,38.6,35.9,34.9,21.5,81.8,47.4,Moderado
2025-06-03,Porto Alegre,RS,42.0,41.1,25.7,14.2,20.5,71.9,47.9,Moderado
2025-06-03,Salvador,BA,24.1,38.4,27.6,30.2,27.7,81.9,43.4,Moderado
2025-06-04,Brasília,DF,44.7,72.0,19.0,42.0,26.3,62.9,64.2,Moderado
2025-06-04,Fortaleza,CE,24.0,53.2,14.6,34.1,32.4,79.7,43.8,Moderado
2025-06-04,Rio de Janeiro,RJ,19.4,58.9,8.5,30.8,28.7,69.9,39.7,Bom
2025-06-06,Rio de Janeiro,RJ,28.8,40.7,47.3,24.9,27.1,75.4,52.3,Moderado
2025-06-07,Fortaleza,CE,26.9,49.7,30.8,17.0,30.8,70.7,45.1,Moderado
2025-06-08,Belo Horizonte,MG,41.1,46.4,41.5,22.2,26.4,70.9,57.4,Moderado
2025-06-09,Belo Horizonte,MG,28.1,75.8,37.6,28.1,23.5,56.9,59.1,Moderado
2025-06-09,Manaus,AM,29.8,51.6,9.1,35.6,33.1,88.0,44.9,Moderado
2025-06-09,São Paulo,SP,33.0,58.1,36.3,34.0,26.7,72.5,58.1,Moderado
2025-06-10,Belo Horizonte,MG,41.7,54.1,18.0,39.2,27.3,61.6,56.4,Moderado
2025-06-10,Belo Horizonte,MG,33.3,52.6,32.6,32.8,25.7,67.3,55.0,Moderado
2025-06-10,Rio de Janeiro,RJ,27.5,36.5,33.8,41.8,28.9,72.7,50.6,Moderado
2025-06-11,Rio de Janeiro,RJ,34.7,54.1,43.9,37.1,28.4,73.1,61.7,Moderado
2025-06-13,Brasília,DF,33.4,76.6,23.3,31.7,27.5,54.0,57.9,Moderado
2025-06-13,São Paulo,SP,27.0,71.2,61.7,25.1,26.4,68.1,65.3,Moderado
2025-06-15,Manaus,AM,33.1,56.2,17.3,32.8,34.3,83.5,50.1,Moderado
2025-06-15,Porto Alegre,RS,45.1,66.6,28.3,38.2,24.3,78.8,65.2,Moderado
2025-06-15,Porto Alegre,RS,38.1,58.0,21.7,26.7,21.8,71.6,53.0,Moderado
2025-06-16,Salvador,BA,17.6,46.3,19.8,34.9,29.3,70.0,40.7,Moderado
2025-06-17,Brasília,DF,52.7,79.1,35.4,31.9,28.6,51.0,73.5,Ruim
2025-06-17,Porto Alegre,RS,24.8,60.3,30.8,15.4,20.4,72.8,46.5,Moderado
2025-06-18,Porto Alegre,RS,42.3,53.5,27.0,26.1,21.5,77.1,55.8,Moderado
2025-06-18,Recife,PE,30.3,31.1,20.2,28.9,30.2,77.4,41.4,Moderado
2025-06-18,Rio de Janeiro,RJ,24.2,57.3,29.3,20.9,30.3,77.2,46.5,Moderado
2025-06-19,Brasília,DF,32.7,77.7,28.1,25.1,25.8,54.8,57.6,Moderado
2025-06-19,Fortaleza,CE,30.1,52.9,17.7,29.8,30.2,66.7,46.8,Moderado
2025-06-19,Fortaleza,CE,27.5,60.1,29.5,38.0,30.8,77.2,54.5,Moderado
2025-06-19,Manaus,AM,20.8,58.1,12.5,33.9,34.3,87.5,42.7,Moderado
2025-06-19,Manaus,AM,33.4,41.3,36.5,34.5,32.1,88.9,53.8,Moderado
2025-06-20,Belo Horizonte,MG,25.3,34.5,29.5,35.6,26.9,63.1,45.3,Moderado
2025-06-20,Belo Horizonte,MG,44.5,78.9,41.8,46.1,27.0,64.8,75.9,Ruim
2025-06-20,Manaus,AM,24.3,68.6,27.1,18.5,30.7,79.1,48.1,Moderado
2025-06-20,Salvador,BA,12.1,22.8,30.9,40.0,30.4,75.9,36.9,Bom
2025-06-22,Salvador,BA,24.2,22.5,23.8,37.5,30.8,75.6,39.8,Bom
2025-06-23,Curitiba,PR,42.4,36.6,15.5,21.2,18.5,74.1,45.3,Moderado
2025-06-23,Porto Alegre,RS,42.7,62.4,29.8,41.3,24.0,73.0,64.3,Moderado
2025-06-23,Rio de Janeiro,RJ,27.6,49.9,37.5,37.7,29.0,73.3,54.5,Moderado
2025-06-24,Porto Alegre,RS,46.8,44.6,32.0,18.8,24.7,78.3,55.3,Moderado
2025-06-24,Recife,PE,28.1,38.0,22.3,45.8,32.7,78.6,48.3,Moderado
2025-06-25,Belo Horizonte,MG,31.1,66.0,25.3,24.8,24.1,61.6,52.3,Moderado
2025-06-25,Brasília,DF,44.9,46.8,31.6,26.2,26.7,58.3,57.1,Moderado
2025-06-25,Fortaleza,CE,37.5,54.7,25.9,33.6,33.5,78.7,55.5,Moderado
2025-06-26,Fortaleza,CE,38.6,44.9,19.3,37.5,33.9,71.3,52.1,Moderado
2025-06-27,Curitiba,PR,27.6,52.0,32.9,48.6,22.7,75.8,56.8,Moderado
2025-06-29,Fortaleza,CE,27.5,52.2,39.4,48.3,30.1,71.0,59.2,Moderado
2025-06-29,Recife,PE,29.3,54.7,33.1,39.7,32.8,75.5,55.8,Moderado
2025-06-29,Recife,PE,26.3,28.1,28.4,36.5,30.9,82.4,43.9,Moderado
2025-06-30,Recife,PE,25.9,49.1,20.6,12.6,31.3,77.0,39.2,Bom
2025-07-01,Salvador,BA,32.3,42.7,27.4,20.9,28.6,75.8,46.0,Moderado
2025-07-01,Salvador,BA,27.5,35.7,17.8,38.1,25.8,74.4,43.2,Moderado
2025-07-02,Manaus,AM,43.1,42.2,17.8,19.8,29.3,77.7,47.6,Moderado
2025-07-03,São Paulo,SP,51.7,78.9,48.3,26.8,21.6,68.0,76.1,Ruim
2025-07-04,São Paulo,SP,43.6,41.6,34.6,34.0,20.5,65.4,58.5,Moderado
2025-07-05,Belo Horizonte,MG,34.6,62.7,29.9,28.4,24.0,60.9,56.1,Moderado
2025-07-05,Brasília,DF,31.8,67.6,28.9,38.5,25.6,58.0,58.8,Moderado
2025-07-05,Fortaleza,CE,22.4,52.0,27.5,31.0,31.2,77.3,46.5,Moderado
2025-07-05,Manaus,AM,37.4,54.8,21.8,33.6,31.4,87.3,54.0,Moderado
2025-07-05,Recife,PE,22.2,46.8,28.5,31.6,27.6,89.0,45.5,Moderado
2025-07-06,Curitiba,PR,38.5,38.9,24.6,25.2,18.7,85.2,48.5,Moderado
2025-07-07,Brasília,DF,34.5,73.5,28.5,22.1,24.5,60.4,56.6,Moderado
2025-07-07,Manaus,AM,22.5,53.4,8.1,19.3,28.7,76.6,36.0,Bom
2025-07-08,Recife,PE,18.7,36.9,23.9,15.1,30.5,73.9,34.0,Bom
2025-07-09,Fortaleza,CE,24.2,35.3,29.6,15.8,31.5,73.2,38.8,Bom
2025-07-10,Curitiba,PR,37.4,43.6,20.0,26.4,18.9,77.1,47.9,Moderado
2025-07-10,Fortaleza,CE,33.9,53.1,21.0,36.8,32.4,81.3,52.3,Moderado
2025-07-10,Recife,PE,22.6,59.6,20.5,28.1,26.6,78.5,45.2,Moderado
2025-07-10,Salvador,BA,26.9,35.4,24.3,41.4,27.6,82.1,46.3,Moderado
2025-07-11,Fortaleza,CE,19.1,41.5,24.3,37.0,29.5,81.4,42.5,Moderado
2025-07-11,Manaus,AM,20.1,55.1,20.1,24.9,30.6,84.8,41.5,Moderado
2025-07-11,Recife,PE,36.5,27.5,17.5,43.9,31.5,79.1,47.4,Moderado
2025-07-11,Recife,PE,11.8,22.3,26.3,34.8,27.2,84.5,33.3,Bom
2025-07-11,Rio de Janeiro,RJ,40.9,61.5,29.7,41.6,25.6,71.1,63.2,Moderado
2025-07-12,Belo Horizonte,MG,22.3,32.3,21.3,29.5,24.8,64.8,38.1,Bom
2025-07-12,Manaus,AM,39.2,44.8,12.9,25.4,28.9,82.6,46.2,Moderado
2025-07-12,São Paulo,SP,43.1,64.6,35.4,50.1,23.4,74.6,70.0,Ruim
2025-07-13,Fortaleza,CE,27.8,16.5,17.5,38.1,30.3,81.3,37.9,Bom
2025-07-14,Curitiba,PR,27.5,62.2,20.8,31.6,19.9,76.2,49.8,Moderado
2025-07-15,Fortaleza,CE,26.0,46.1,34.1,28.0,30.9,84.4,48.3,Moderado
2025-07-15,Manaus,AM,32.3,39.5,25.1,21.8,28.9,76.9,44.5,Moderado
2025-07-15,Rio de Janeiro,RJ,32.5,73.1,24.7,42.6,28.9,79.7,60.4,Moderado
2025-07-15,São Paulo,SP,38.3,72.1,35.3,53.2,23.9,66.8,70.5,Ruim
2025-07-15,São Paulo,SP,24.9,56.8,51.1,27.4,24.4,69.7,56.9,Moderado
2025-07-15,São Paulo,SP,42.4,87.6,44.6,40.2,21.2,74.7,76.5,Ruim
2025-07-15,São Paulo,SP,35.8,91.6,41.6,36.7,22.4,79.9,71.8,Ruim
2025-07-16,Curitiba,PR,36.1,52.0,19.0,26.6,20.0,81.3,49.2,Moderado
2025-07-16,Porto Alegre,RS,37.7,41.0,18.2,17.8,19.2,71.2,43.9,Moderado
2025-07-17,Curitiba,PR,28.2,43.9,13.9,32.4,20.4,77.1,42.7,Moderado
2025-07-17,Recife,PE,23.0,41.3,28.8,32.4,31.4,85.7,44.8,Moderado
2025-07-17,Rio de Janeiro,RJ,38.7,53.4,15.7,37.5,29.0,69.0,53.2,Moderado
2025-07-17,Rio de Janeiro,RJ,40.1,52.0,33.8,23.8,25.8,77.6,56.0,Moderado
2025-07-17,Rio de Janeiro,RJ,38.7,52.4,29.6,68.1,29.0,71.3,67.7,Moderado
2025-07-18,Belo Horizonte,MG,31.6,20.1,17.3,37.4,23.8,69.7,40.6,Moderado
2025-07-19,Belo Horizonte,MG,41.2,55.7,25.2,35.8,23.1,60.7,58.2,Moderado
2025-07-20,Manaus,AM,25.9,48.5,17.6,44.6,32.8,88.3,47.9,Moderado
2025-07-24,Brasília,DF,33.0,68.2,34.1,28.1,25.9,63.5,58.3,Moderado
2025-07-25,Rio de Janeiro,RJ,27.8,42.7,40.8,12.5,27.0,75.2,46.0,Moderado
2025-07-26,Brasília,DF,37.4,81.3,25.6,38.6,23.0,53.5,64.4,Moderado
2025-07-26,Curitiba,PR,28.6,63.6,20.8,22.9,17.1,84.2,48.0,Moderado
2025-07-26,Rio de Janeiro,RJ,47.2,49.7,29.3,41.1,28.8,79.2,62.9,Moderado
2025-07-26,Rio de Janeiro,RJ,37.4,44.7,40.2,33.6,27.1,70.5,58.0,Moderado
2025-07-27,Recife,PE,23.0,31.6,29.5,48.0,28.4,73.6,47.2,Moderado
2025-07-27,Salvador,BA,22.1,35.3,25.1,27.2,27.8,75.9,39.6,Bom
2025-07-27,São Paulo,SP,30.9,46.4,29.6,15.6,21.1,76.9,45.4,Moderado
2025-07-27,São Paulo,SP,60.1,50.0,56.4,54.8,25.2,76.3,84.3,Ruim
2025-07-30,Curitiba,PR,12.5,51.3,24.9,15.9,19.0,79.8,35.4,Bom
2025-07-30,Curitiba,PR,30.6,40.0,23.4,23.3,19.5,82.7,43.6,Moderado
2025-07-31,Brasília,DF,39.2,64.9,33.1,36.4,26.0,56.0,62.9,Moderado
2025-07-31,Recife,PE,27.3,39.1,18.2,19.9,26.7,78.6,38.5,Bom
2025-07-31,Salvador,BA,37.3,46.0,23.8,37.8,30.3,80.3,53.5,Moderado
2025-08-01,Belo Horizonte,MG,15.8,32.1,27.0,43.6,23.3,74.8,41.2,Moderado
2025-08-01,Fortaleza,CE,25.4,37.0,21.9,38.6,30.4,80.7,44.2,Moderado
2025-08-01,Fortaleza,CE,34.0,17.2,11.6,45.2,30.0,76.1,41.4,Moderado
2025-08-02,Rio de Janeiro,RJ,38.0,22.8,24.4,37.6,25.3,69.7,47.5,Moderado
2025-08-03,Brasília,DF,34.8,63.2,33.9,19.3,22.1,61.9,55.0,Moderado
2025-08-03,Fortaleza,CE,19.3,50.1,22.0,33.8,30.8,85.7,43.2,Moderado
2025-08-03,Salvador,BA,29.6,47.5,22.1,27.7,27.2,89.8,46.0,Moderado
2025-08-04,Curitiba,PR,29.9,46.3,33.9,21.4,16.9,84.8,48.3,Moderado
2025-08-04,Porto Alegre,RS,28.3,70.5,37.8,40.8,20.3,81.1,61.8,Moderado
2025-08-05,Brasília,DF,24.5,64.8,27.4,27.9,23.4,61.2,50.2,Moderado
2025-08-05,Manaus,AM,32.5,70.4,13.0,22.6,27.2,80.0,49.0,Moderado
2025-08-05,Recife,PE,19.4,62.0,25.7,25.0,26.8,78.5,45.2,Moderado
2025-08-05,Rio de Janeiro,RJ,30.2,55.1,33.8,31.8,26.5,76.1,54.2,Moderado
2025-08-06,Manaus,AM,16.2,63.6,19.0,34.3,30.1,85.8,44.3,Moderado
2025-08-07,Porto Alegre,RS,6,45.0,25.4,32.4,20.0,75.6,35.5,Bom
2025-08-07,Porto Alegre,RS,30.6,41.6,29.2,22.2,20.5,81.2,45.8,Moderado
2025-08-08,Curitiba,PR,25.3,56.1,22.8,27.6,19.1,80.4,46.4,Moderado
2025-08-08,Recife,PE,30.3,49.0,24.4,34.7,29.8,81.6,49.9,Moderado
2025-08-08,Salvador,BA,21.9,29.7,30.4,34.9,25.4,75.5,42.3,Moderado
2025-08-08,São Paulo,SP,30.2,80.8,51.5,25.3,22.7,70.4,66.0,Moderado
2025-08-09,Curitiba,PR,24.4,59.0,22.5,19.9,18.9,82.2,44.2,Moderado
2025-08-10,Belo Horizonte,MG,38.2,39.5,27.7,35.3,22.5,75.4,52.8,Moderado
2025-08-11,Manaus,AM,28.1,63.8,11.2,26.2,29.6,88.7,45.3,Moderado
2025-08-11,Porto Alegre,RS,41.2,50.9,20.7,22.4,20.6,85.1,51.0,Moderado
2025-08-11,Recife,PE,20.7,48.3,13.0,43.7,27.7,86.1,43.1,Moderado
2025-08-12,Curitiba,PR,22.7,53.6,23.0,35.2,17.9,80.9,46.8,Moderado
2025-08-13,Belo Horizonte,MG,11.1,27.3,28.8,29.5,24.2,72.8,33.6,Bom
2025-08-13,Curitiba,PR,42.9,57.2,29.8,16.8,19.0,85.8,55.3,Moderado
2025-08-13,Fortaleza,CE,15.4,71.5,15.8,46.6,28.6,81.3,48.8,Moderado
2025-08-13,Porto Alegre,RS,41.8,55.5,31.8,16.3,21.4,78.3,54.8,Moderado
2025-08-13,Salvador,BA,23.4,33.4,22.0,37.5,28.8,78.8,41.8,Moderado
2025-08-13,Salvador,BA,16.0,57.6,23.8,32.9,27.7,74.8,43.9,Moderado
2025-08-14,Belo Horizonte,MG,6,75.2,44.0,20.5,22.3,77.4,47.2,Moderado
2025-08-14,Belo Horizonte,MG,28.8,47.2,32.5,38.1,20.8,62.7,52.7,Moderado
2025-08-14,Manaus,AM,23.0,63.3,33.9,26.7,29.3,83.0,51.1,Moderado
2025-08-14,Porto Alegre,RS,28.7,63.9,23.8,27.7,17.4,75.1,50.8,Moderado
2025-08-14,Recife,PE,34.1,44.7,8.8,33.8,29.5,81.7,44.5,Moderado
2025-08-15,Brasília,DF,31.3,62.4,14.2,32.3,21.6,55.8,49.6,Moderado
2025-08-15,Fortaleza,CE,17.7,56.8,42.2,40.6,27.5,80.9,53.9,Moderado
2025-08-15,Rio de Janeiro,RJ,39.9,57.0,32.3,48.0,26.6,70.2,64.3,Moderado
2025-08-16,Curitiba,PR,13.2,73.4,15.6,42.2,17.2,76.3,46.7,Moderado
2025-08-16,Recife,PE,21.3,48.2,21.8,18.7,26.9,84.3,38.9,Bom
2025-08-17,Brasília,DF,29.9,53.8,32.7,35.6,23.4,57.2,54.4,Moderado
2025-08-17,Recife,PE,32.2,54.1,26.1,28.1,28.8,84.7,50.9,Moderado
2025-08-17,Salvador,BA,9.1,77.7,20.9,54.8,24.2,88.4,51.6,Moderado
2025-08-19,Curitiba,PR,21.2,53.4,21.3,34.8,19.4,87.4,45.1,Moderado
2025-08-19,Fortaleza,CE,18.2,32.7,15.2,30.2,27.3,75.5,34.0,Bom
2025-08-19,Fortaleza,CE,25.3,42.6,13.3,25.0,27.6,82.1,38.2,Bom
2025-08-19,Porto Alegre,RS,38.3,46.8,23.0,17.7,19.5,76.2,47.7,Moderado
2025-08-19,Recife,PE,31.5,49.2,22.3,52.3,28.4,83.0,55.3,Moderado
2025-08-19,São Paulo,SP,42.4,82.4,11.2,33.2,23.5,75.6,60.3,Moderado
2025-08-19,São Paulo,SP,55.2,78.8,55.0,45.3,20.3,80.3,86.3,Ruim
2025-08-20,Brasília,DF,28.1,85.2,30.1,40.2,21.6,56.1,62.7,Moderado
2025-08-20,Curitiba,PR,31.8,52.0,21.0,14.4,16.5,76.7,43.9,Moderado
2025-08-21,Curitiba,PR,27.7,59.7,28.9,30.9,19.6,81.7,52.0,Moderado
2025-08-21,Fortaleza,CE,22.1,43.8,15.6,31.0,28.1,72.8,39.6,Bom
2025-08-21,Salvador,BA,21.7,53.9,23.3,52.2,26.0,86.2,51.7,Moderado
2025-08-21,Salvador,BA,21.4,48.9,32.0,31.5,27.0,75.6,47.0,Moderado
2025-08-21,Salvador,BA,20.8,49.8,37.1,32.4,24.0,84.7,49.1,Moderado
2025-08-22,Recife,PE,33.4,29.2,17.6,17.7,26.4,81.7,38.1,Bom
2025-08-22,Rio de Janeiro,RJ,18.9,46.3,26.0,52.6,23.7,75.9,49.2,Moderado
2025-08-22,Rio de Janeiro,RJ,44.5,58.9,41.7,45.8,26.1,81.9,70.2,Ruim
2025-08-23,Belo Horizonte,MG,41.1,55.7,25.9,43.1,23.2,73.0,60.7,Moderado
2025-08-23,Brasília,DF,33.2,70.4,12.0,34.1,25.8,55.9,52.6,Moderado
2025-08-23,Curitiba,PR,37.3,75.1,30.6,31.2,15.4,78.8,62.2,Moderado
2025-08-23,Fortaleza,CE,33.0,61.0,23.0,34.5,29.3,86.8,54.1,Moderado
2025-08-23,Porto Alegre,RS,38.4,58.7,54.6,28.6,18.6,82.5,66.3,Moderado
2025-08-24,Porto Alegre,RS,36.0,24.4,25.9,24.4,18.3,70.7,43.3,Moderado
2025-08-25,Recife,PE,24.5,30.7,27.4,41.8,28.9,87.5,45.0,Moderado
2025-08-26,Curitiba,PR,42.6,46.8,25.5,18.4,16.8,88.0,51.1,Moderado
2025-08-26,Fortaleza,CE,10.0,58.9,15.8,29.4,29.8,83.7,37.0,Bom
2025-08-26,Porto Alegre,RS,41.7,33.1,20.3,38.6,17.3,83.5,51.1,Moderado
2025-08-26,Salvador,BA,34.3,54.0,27.1,35.9,27.5,75.0,54.8,Moderado
2025-08-27,Curitiba,PR,33.9,61.7,26.6,24.7,18.5,84.8,53.1,Moderado
2025-08-27,Fortaleza,CE,12.2,54.3,31.1,27.3,26.5,87.2,41.9,Moderado
2025-08-27,Fortaleza,CE,22.8,46.6,24.1,28.0,27.3,84.9,43.0,Moderado
2025-08-27,Rio de Janeiro,RJ,11.3,49.1,30.0,27.7,24.5,75.0,39.7,Bom
2025-08-29,Fortaleza,CE,33.9,35.8,31.3,27.1,27.2,75.1,48.3,Moderado
2025-08-30,Rio de Janeiro,RJ,35.5,40.1,31.4,39.8,27.4,76.5,54.4,Moderado
2025-08-31,São Paulo,SP,35.7,60.7,39.4,51.0,23.6,76.9,66.8,Moderado
2025-09-01,Rio de Janeiro,RJ,21.8,41.7,34.6,50.8,24.1,76.1,52.2,Moderado
2025-09-03,Manaus,AM,47.4,39.3,20.9,31.3,28.8,88.9,53.9,Moderado
2025-09-04,Fortaleza,CE,34.0,54.1,30.8,31.2,26.0,79.7,54.6,Moderado
2025-09-05,Belo Horizonte,MG,30.1,56.8,28.9,38.0,23.5,65.1,54.7,Moderado
2025-09-05,Belo Horizonte,MG,33.2,44.4,28.8,36.8,23.6,64.0,52.4,Moderado
2025-09-05,Manaus,AM,22.0,49.2,32.6,31.6,29.2,80.6,47.6,Moderado
2025-09-05,Recife,PE,21.6,55.1,24.7,28.6,24.4,83.4,45.2,Moderado
2025-09-06,São Paulo,SP,49.2,57.6,22.5,33.9,18.6,81.4,61.4,Moderado
2025-09-06,São Paulo,SP,37.9,79.5,29.3,28.6,20.5,69.5,62.4,Moderado
2025-09-07,Belo Horizonte,MG,14.2,40.2,23.5,26.2,23.0,74.4,35.9,Bom
2025-09-07,Brasília,DF,46.4,76.1,8.9,38.9,23.8,61.5,61.5,Moderado
2025-09-08,Recife,PE,16.3,29.7,23.2,21.3,24.4,92.7,32.4,Bom
2025-09-08,Recife,PE,13.9,50.0,23.9,30.9,26.7,81.2,40.1,Moderado
2025-09-09,Porto Alegre,RS,21.0,51.1,28.0,24.5,16.8,84.6,43.7,Moderado
2025-09-09,Recife,PE,29.3,54.9,30.2,35.4,28.7,92.9,53.4,Moderado
2025-09-09,Rio de Janeiro,RJ,27.9,64.8,23.8,33.2,23.5,75.6,52.3,Moderado
2025-09-10,Brasília,DF,46.5,47.0,27.9,32.1,22.1,63.9,58.4,Moderado
2025-09-10,Porto Alegre,RS,30.3,52.2,26.4,49.7,18.7,79.7,56.2,Moderado
2025-09-12,Fortaleza,CE,43.1,50.5,25.9,48.7,29.2,82.0,62.0,Moderado
2025-09-12,Fortaleza,CE,37.8,54.6,23.5,41.6,25.8,84.1,57.2,Moderado
2025-09-12,Manaus,AM,25.4,52.4,14.6,21.4,28.5,90.4,40.4,Moderado
2025-09-12,São Paulo,SP,31.1,51.2,40.4,51.0,22.3,77.1,62.0,Moderado
2025-09-13,Belo Horizonte,MG,29.8,40.3,20.0,31.5,23.6,68.0,44.5,Moderado
2025-09-13,Belo Horizonte,MG,32.7,40.9,21.9,36.0,21.0,70.0,48.3,Moderado
2025-09-13,Curitiba,PR,28.6,56.8,28.5,44.6,17.6,78.1,55.8,Moderado
2025-09-13,Porto Alegre,RS,6,66.2,30.6,29.5,18.6,85.7,42.5,Moderado
2025-09-14,Fortaleza,CE,11.0,52.3,22.8,39.6,25.7,78.8,41.5,Moderado
2025-09-15,Belo Horizonte,MG,28.6,31.1,19.1,25.9,21.6,73.5,39.2,Bom
2025-09-15,Brasília,DF,23.6,35.5,29.0,33.3,23.7,55.8,43.8,Moderado
2025-09-15,Salvador,BA,23.1,49.3,24.5,21.0,23.4,88.9,41.9,Moderado
2025-09-15,São Paulo,SP,9.3,41.9,56.3,52.4,20.8,76.6,54.2,Moderado
2025-09-17,Brasília,DF,54.3,69.2,37.4,36.0,23.8,62.5,73.6,Ruim
2025-09-17,Brasília,DF,29.7,53.0,34.6,49.7,21.0,66.7,59.2,Moderado
2025-09-17,Brasília,DF,25.9,66.7,51.6,24.0,21.6,65.6,59.4,Moderado
2025-09-17,Porto Alegre,RS,23.8,58.6,33.8,35.1,17.4,78.9,52.8,Moderado
2025-09-18,Manaus,AM,21.5,33.1,23.7,21.7,26.8,86.6,36.4,Bom
2025-09-19,Belo Horizonte,MG,23.7,47.7,19.0,31.3,20.8,72.9,42.9,Moderado
2025-09-19,Rio de Janeiro,RJ,32.8,53.6,34.3,43.2,25.5,72.2,58.9,Moderado
2025-09-19,Rio de Janeiro,RJ,40.0,39.0,7.9,44.3,22.3,81.9,49.0,Moderado
2025-09-20,Curitiba,PR,25.7,65.3,15.4,29.9,14.5,81.2,47.1,Moderado
2025-09-21,São Paulo,SP,34.1,46.0,42.3,21.8,21.9,69.4,53.7,Moderado
2025-09-22,Curitiba,PR,8.9,35.7,27.5,37.3,14.8,76.9,36.7,Bom
2025-09-22,Curitiba,PR,20.1,65.2,27.3,28.2,15.9,87.4,48.1,Moderado
2025-09-22,Rio de Janeiro,RJ,28.2,35.3,29.8,23.9,25.3,72.5,43.6,Moderado
2025-09-23,Curitiba,PR,19.4,49.7,47.0,35.6,18.4,80.1,53.0,Moderado
2025-09-24,Curitiba,PR,21.8,61.9,21.9,38.8,17.1,80.9,49.3,Moderado
2025-09-24,Recife,PE,21.7,40.8,25.5,39.1,28.7,87.1,44.8,Moderado
2025-09-25,Brasília,DF,44.3,54.2,35.4,19.0,21.8,56.0,58.0,Moderado
2025-09-25,Porto Alegre,RS,25.4,56.4,11.2,23.4,20.8,78.1,40.9,Moderado
2025-09-25,Recife,PE,22.9,34.7,32.8,26.6,26.0,91.3,42.5,Moderado
2025-09-26,Brasília,DF,40.6,49.2,30.8,37.9,22.4,69.3,58.8,Moderado
2025-09-26,Rio de Janeiro,RJ,14.0,45.6,31.3,47.0,22.6,73.4,46.7,Moderado
2025-09-27,Fortaleza,CE,23.3,46.5,24.0,35.2,27.0,79.9,45.5,Moderado
2025-09-27,Fortaleza,CE,32.2,52.3,25.0,30.4,28.0,82.8,50.7,Moderado
2025-09-29,Brasília,DF,39.6,69.6,19.0,25.2,20.7,69.7,55.6,Moderado
2025-09-29,Fortaleza,CE,27.4,57.2,25.3,38.8,26.7,82.7,52.3,Moderado
2025-09-29,Manaus,AM,31.3,32.3,26.8,35.5,28.3,89.3,46.9,Moderado
2025-09-29,Recife,PE,24.4,41.8,22.2,30.5,25.9,90.3,42.6,Moderado
2025-09-29,Salvador,BA,32.0,66.8,40.5,22.5,25.4,80.7,58.0,Moderado
2025-09-29,Salvador,BA,20.4,38.3,21.6,22.8,23.9,87.2,36.8,Bom
2025-10-01,Brasília,DF,22.9,34.6,35.2,25.8,19.5,56.0,43.2,Moderado
2025-10-01,Brasília,DF,25.5,72.1,21.7,29.4,23.1,67.6,51.1,Moderado
2025-10-01,Rio de Janeiro,RJ,36.4,49.0,49.6,42.3,21.5,82.5,64.9,Moderado
2025-10-03,Curitiba,PR,23.5,44.9,26.3,22.7,14.9,84.0,42.1,Moderado
2025-10-03,Rio de Janeiro,RJ,39.0,32.8,38.8,29.5,22.6,75.2,53.7,Moderado
2025-10-03,Rio de Janeiro,RJ,44.5,34.1,23.9,44.0,25.7,81.8,55.9,Moderado
2025-10-04,Curitiba,PR,22.4,29.6,23.1,21.7,17.3,86.0,35.7,Bom
2025-10-04,Rio de Janeiro,RJ,20.4,24.2,40.6,45.5,22.6,77.2,47.1,Moderado
2025-10-04,São Paulo,SP,31.8,57.6,42.8,32.7,17.8,84.2,59.4,Moderado
2025-10-05,Salvador,BA,20.7,41.3,17.5,37.4,24.6,89.1,40.9,Moderado
2025-10-06,Rio de Janeiro,RJ,24.8,48.1,47.6,43.3,22.6,73.4,58.1,Moderado
2025-10-07,Belo Horizonte,MG,19.5,42.0,37.1,32.6,18.7,69.9,46.3,Moderado
2025-10-07,Fortaleza,CE,21.9,26.0,25.4,50.8,25.6,80.8,44.3,Moderado
2025-10-08,Brasília,DF,39.4,74.1,32.5,40.1,21.7,59.9,66.5,Moderado
2025-10-08,Fortaleza,CE,6,36.5,33.1,39.7,24.8,86.3,38.3,Bom
2025-10-08,Manaus,AM,21.1,38.6,15.6,29.8,29.1,87.1,37.2,Bom
2025-10-09,Recife,PE,28.3,37.2,15.9,42.9,28.1,82.1,44.9,Moderado
2025-10-09,São Paulo,SP,30.3,57.5,54.6,42.4,19.8,77.8,66.0,Moderado
2025-10-09,São Paulo,SP,27.3,45.5,56.9,20.8,20.1,73.1,55.1,Moderado
2025-10-10,Curitiba,PR,14.1,43.1,24.0,36.2,15.1,79.5,39.9,Bom
2025-10-10,Fortaleza,CE,13.9,31.3,27.0,34.6,25.2,77.0,37.1,Bom
2025-10-10,Porto Alegre,RS,27.4,66.0,42.7,42.1,15.6,79.5,62.3,Moderado
2025-10-11,São Paulo,SP,42.7,57.2,28.5,41.0,21.9,71.3,62.3,Moderado
2025-10-12,Belo Horizonte,MG,33.6,67.7,17.1,18.3,19.3,68.6,49.0,Moderado
2025-10-13,Recife,PE,29.4,41.0,14.9,34.1,25.3,90.7,43.4,Moderado
2025-10-13,Salvador,BA,22.6,49.0,21.7,30.4,27.2,89.1,43.4,Moderado
2025-10-13,São Paulo,SP,27.2,51.3,27.3,45.9,18.7,70.9,53.5,Moderado
2025-10-14,Brasília,DF,43.8,67.0,31.0,33.9,23.7,67.9,64.3,Moderado
2025-10-14,Fortaleza,CE,24.4,48.6,18.5,44.2,26.0,85.2,47.4,Moderado
2025-10-14,Manaus,AM,22.4,52.3,28.7,40.7,28.1,84.3,50.1,Moderado
2025-10-14,Salvador,BA,17.0,46.3,17.7,41.1,25.3,90.0,41.5,Moderado
2025-10-15,Brasília,DF,36.1,66.6,31.1,35.8,20.0,58.9,60.8,Moderado
2025-10-15,Recife,PE,20.4,32.9,16.7,21.6,24.1,90.4,33.1,Bom
2025-10-15,Rio de Janeiro,RJ,30.6,41.0,40.3,44.4,25.0,74.3,56.8,Moderado
2025-10-15,Salvador,BA,19.5,42.3,42.5,40.7,25.7,86.7,50.9,Moderado
2025-10-16,Brasília,DF,16.3,63.0,26.1,29.4,19.5,65.4,45.4,Moderado
2025-10-16,Porto Alegre,RS,16.7,37.0,24.3,23.1,16.8,83.1,35.6,Bom
2025-10-17,Manaus,AM,29.9,61.7,22.9,38.9,28.1,96.0,54.0,Moderado
2025-10-17,Rio de Janeiro,RJ,18.8,46.6,23.9,36.1,25.4,76.6,43.3,Moderado
2025-10-18,Fortaleza,CE,29.3,36.0,14.7,35.8,25.2,87.0,42.4,Moderado
2025-10-18,Salvador,BA,27.1,65.1,29.6,23.4,25.3,86.0,51.1,Moderado
2025-10-19,Curitiba,PR,24.0,29.1,35.1,36.2,16.6,77.9,45.4,Moderado
2025-10-19,Manaus,AM,20.0,46.0,18.2,34.1,30.1,88.0,41.0,Moderado
2025-10-20,Belo Horizonte,MG,38.0,60.4,23.5,46.6,21.5,67.0,60.5,Moderado
2025-10-20,Rio de Janeiro,RJ,33.6,41.0,24.2,13.6,25.1,81.1,42.7,Moderado
2025-10-21,Belo Horizonte,MG,51.4,56.4,28.4,20.0,23.0,70.7,60.1,Moderado
2025-10-21,Brasília,DF,17.8,48.3,35.6,37.7,21.3,67.9,48.2,Moderado
2025-10-21,Manaus,AM,16.7,48.3,25.0,28.5,29.4,83.8,40.7,Moderado
2025-10-21,Porto Alegre,RS,20.1,37.2,24.0,30.4,16.7,74.1,39.6,Bom
2025-10-21,Rio de Janeiro,RJ,38.7,39.5,48.4,31.1,24.9,77.1,59.5,Moderado
2025-10-21,Rio de Janeiro,RJ,28.3,32.6,33.5,33.7,22.1,83.4,47.3,Moderado
2025-10-21,São Paulo,SP,40.9,44.7,14.9,47.7,18.2,71.7,54.8,Moderado
2025-10-22,Brasília,DF,43.9,69.0,29.1,30.2,23.5,67.6,63.1,Moderado
2025-10-22,Fortaleza,CE,20.6,61.0,14.2,52.9,28.4,79.2,50.0,Moderado
2025-10-22,Recife,PE,22.5,28.1,15.6,38.5,23.5,89.3,37.7,Bom
2025-10-23,Belo Horizonte,MG,27.9,41.0,20.4,22.1,22.3,71.8,40.9,Moderado
2025-10-23,Brasília,DF,46.0,47.8,16.7,31.6,23.1,58.6,54.0,Moderado
2025-10-23,Fortaleza,CE,24.2,45.7,28.6,25.5,27.8,85.0,44.4,Moderado
2025-10-23,Porto Alegre,RS,23.9,21.5,20.8,17.2,17.2,84.3,31.9,Bom
2025-10-23,São Paulo,SP,26.8,59.1,43.6,24.0,20.1,77.3,54.7,Moderado
2025-10-24,Belo Horizonte,MG,26.7,32.2,47.6,32.7,19.7,65.2,51.3,Moderado
2025-10-25,Belo Horizonte,MG,32.1,46.2,35.5,39.1,23.0,74.2,55.6,Moderado
2025-10-27,Belo Horizonte,MG,9.2,52.3,48.1,35.4,22.7,64.1,48.7,Moderado
2025-10-27,Belo Horizonte,MG,33.1,55.6,24.4,32.1,23.2,75.1,52.4,Moderado
2025-10-27,Porto Alegre,RS,17.6,56.6,17.1,30.9,17.4,83.2,41.3,Moderado
2025-10-27,Porto Alegre,RS,10.7,48.4,11.4,18.8,17.0,86.6,29.4,Bom
2025-10-27,Recife,PE,25.1,36.8,14.9,23.6,25.9,86.1,36.6,Bom
2025-10-28,Belo Horizonte,MG,35.1,55.7,27.2,32.9,22.0,66.3,54.8,Moderado
2025-10-28,Belo Horizonte,MG,19.7,80.3,21.9,29.1,21.5,66.3,50.4,Moderado
2025-10-28,Manaus,AM,22.7,47.4,13.2,22.4,28.1,87.7,37.3,Bom
2025-10-28,Recife,PE,24.0,44.5,37.3,25.4,24.0,82.8,47.2,Moderado
2025-10-28,São Paulo,SP,26.7,40.1,58.6,16.9,22.3,78.0,52.7,Moderado
2025-10-29,Curitiba,PR,18.3,32.8,16.7,19.1,16.9,88.8,31.2,Bom
2025-10-29,Curitiba,PR,15.8,42.6,19.4,34.8,17.2,79.7,38.5,Bom
2025-10-29,Salvador,BA,22.9,12.6,22.6,35.7,25.2,86.7,35.3,Bom
2025-10-29,São Paulo,SP,27.3,28.9,28.2,43.2,20.0,71.0,46.7,Moderado
2025-10-30,Porto Alegre,RS,22.2,55.9,42.1,34.4,15.8,81.1,54.1,Moderado
2025-10-31,Curitiba,PR,24.2,37.5,24.0,9.0,18.5,77.9,35.2,Bom
2025-11-01,Fortaleza,CE,23.3,43.0,14.2,42.7,28.0,80.7,43.1,Moderado
2025-11-01,Manaus,AM,25.8,41.0,27.9,36.3,28.6,90.6,47.0,Moderado
2025-11-02,Brasília,DF,27.5,48.2,39.1,33.1,22.5,61.3,53.2,Moderado
2025-11-02,Fortaleza,CE,13.4,34.0,25.1,32.4,27.6,83.4,36.2,Bom
2025-11-02,Manaus,AM,28.5,37.6,24.7,29.2,28.2,89.2,44.1,Moderado
2025-11-02,Porto Alegre,RS,25.9,43.3,33.5,28.3,16.0,74.5,47.3,Moderado
2025-11-02,Rio de Janeiro,RJ,20.6,48.0,29.4,39.3,24.9,75.5,47.8,Moderado
2025-11-02,Salvador,BA,24.6,43.9,19.8,31.8,24.8,82.6,42.8,Moderado
2025-11-02,São Paulo,SP,43.4,46.6,41.8,24.6,18.8,76.3,59.5,Moderado
2025-11-03,Curitiba,PR,34.1,54.0,34.2,37.8,17.1,85.7,57.9,Moderado
2025-11-03,Porto Alegre,RS,29.1,46.9,26.2,35.1,20.5,81.2,49.4,Moderado
2025-11-04,São Paulo,SP,32.5,54.9,30.2,33.6,19.9,73.4,54.5,Moderado
2025-11-05,Brasília,DF,27.8,71.4,19.8,42.7,24.4,62.1,55.6,Moderado
2025-11-06,Brasília,DF,32.2,67.6,24.4,34.4,22.2,64.7,56.0,Moderado
2025-11-06,Manaus,AM,22.5,34.0,21.0,21.1,28.5,81.2,36.0,Bom
2025-11-06,Porto Alegre,RS,26.3,50.2,14.1,25.0,17.5,81.0,41.2,Moderado
2025-11-06,Porto Alegre,RS,40.5,36.8,19.0,23.9,16.7,85.0,46.5,Moderado
2025-11-06,Recife,PE,20.4,23.5,23.2,50.4,23.9,85.3,41.9,Moderado
2025-11-06,Salvador,BA,12.6,46.6,30.6,37.4,25.8,84.5,43.0,Moderado
2025-11-08,Manaus,AM,41.1,47.9,25.5,23.6,27.3,95.4,52.2,Moderado
2025-11-08,Rio de Janeiro,RJ,25.5,54.2,29.7,60.4,25.1,78.9,58.8,Moderado
2025-11-09,Brasília,DF,28.1,18.9,39.9,39.9,20.3,61.9,47.7,Moderado
2025-11-09,Curitiba,PR,30.8,48.1,17.1,33.7,15.9,84.7,46.8,Moderado
2025-11-09,Recife,PE,19.1,47.0,33.8,41.7,28.5,91.1,49.1,Moderado
2025-11-10,Brasília,DF,37.9,77.9,39.5,17.7,20.2,64.6,62.4,Moderado
2025-11-10,Brasília,DF,25.8,77.6,32.5,24.1,23.9,65.3,55.2,Moderado
2025-11-10,Brasília,DF,18.8,72.1,38.6,26.9,24.7,60.4,53.1,Moderado
2025-11-10,Fortaleza,CE,9.8,52.6,21.2,37.2,29.0,87.6,39.6,Bom
2025-11-10,Manaus,AM,23.6,34.0,19.6,19.0,27.1,84.0,35.4,Bom
2025-11-10,Salvador,BA,20.0,45.6,29.8,28.3,27.2,79.3,43.5,Moderado
2025-11-11,Curitiba,PR,26.6,44.7,17.6,24.5,17.3,86.4,41.0,Moderado
2025-11-11,Porto Alegre,RS,23.1,52.0,33.7,34.3,18.9,83.1,50.3,Moderado
2025-11-11,Recife,PE,25.9,40.6,26.7,31.7,27.7,91.5,45.1,Moderado
2025-11-11,São Paulo,SP,28.6,66.1,35.9,32.3,21.0,72.3,57.3,Moderado
2025-11-12,Fortaleza,CE,26.4,59.6,26.3,28.4,26.7,78.6,49.5,Moderado
2025-11-12,Manaus,AM,31.4,64.6,28.9,25.4,30.7,93.6,53.6,Moderado
2025-11-12,Recife,PE,31.0,28.9,35.7,24.7,26.0,92.7,45.7,Moderado
2025-11-12,Recife,PE,24.1,42.4,25.3,18.6,27.3,91.1,40.0,Moderado
2025-11-12,Recife,PE,19.3,31.6,10.8,22.0,26.8,80.5,30.1,Bom
2025-11-12,Rio de Janeiro,RJ,33.2,28.4,26.0,33.5,26.2,82.2,45.8,Moderado
2025-11-12,Salvador,BA,15.8,30.3,28.2,27.4,27.0,89.2,36.1,Bom
2025-11-12,Salvador,BA,29.8,42.2,27.6,27.9,26.9,88.5,46.8,Moderado
2025-11-13,Belo Horizonte,MG,19.7,50.7,22.6,24.7,19.2,64.6,40.9,Moderado
2025-11-13,Rio de Janeiro,RJ,30.4,45.9,20.5,49.1,23.4,74.3,52.1,Moderado
2025-11-15,Brasília,DF,47.9,60.1,32.6,26.7,23.0,64.6,62.9,Moderado
2025-11-16,Brasília,DF,22.4,36.9,42.2,35.3,20.1,70.2,49.1,Moderado
2025-11-16,Curitiba,PR,27.3,37.3,21.5,8,17.5,85.3,35.6,Bom
2025-11-17,Rio de Janeiro,RJ,21.9,38.0,33.2,23.3,23.4,80.6,42.1,Moderado
2025-11-18,Belo Horizonte,MG,41.4,51.4,37.2,32.1,19.4,73.4,60.4,Moderado
2025-11-18,Curitiba,PR,24.1,26.8,36.5,17.6,14.8,75.8,39.5,Bom
2025-11-18,Porto Alegre,RS,18.6,49.5,21.7,20.8,19.5,84.6,38.4,Bom
2025-11-18,Porto Alegre,RS,28.2,33.9,27.8,27.3,19.3,87.9,43.5,Moderado
2025-11-20,Fortaleza,CE,19.4,16.2,29.9,33.3,25.8,75.5,36.5,Bom
2025-11-21,Belo Horizonte,MG,32.4,56.7,22.8,37.1,20.4,67.4,53.3,Moderado
2025-11-21,Manaus,AM,22.3,36.3,7.8,38.4,29.7,90.7,37.0,Bom
2025-11-21,Porto Alegre,RS,36.4,33.5,27.0,20.8,16.6,83.2,45.4,Moderado
2025-11-21,Rio de Janeiro,RJ,28.3,50.0,40.4,38.2,25.4,71.9,56.2,Moderado
2025-11-23,Manaus,AM,29.5,60.7,28.2,25.0,27.4,88.5,51.1,Moderado
2025-11-24,Belo Horizonte,MG,20.5,34.6,31.3,27.6,22.9,68.7,41.0,Moderado
2025-11-24,Rio de Janeiro,RJ,21.3,36.9,35.9,41.0,26.5,75.1,48.0,Moderado
2025-11-25,Curitiba,PR,34.3,35.9,19.3,45.7,17.0,84.3,49.8,Moderado
2025-11-27,Belo Horizonte,MG,30.4,41.0,23.0,28.7,21.9,76.8,45.3,Moderado
2025-11-27,Recife,PE,23.4,36.3,23.1,29.9,27.8,86.4,40.6,Moderado
2025-11-27,Rio de Janeiro,RJ,18.6,33.3,20.9,39.6,26.2,84.0,39.5,Bom
2025-11-27,Salvador,BA,25.8,45.0,20.3,40.7,23.7,84.9,46.7,Moderado
2025-11-28,Belo Horizonte,MG,37.9,50.7,35.7,40.9,23.1,63.7,60.6,Moderado
2025-11-28,Curitiba,PR,19.1,29.7,39.7,12.4,15.0,77.6,37.3,Bom
2025-11-29,Fortaleza,CE,9.9,33.2,20.1,26.2,26.5,84.6,30.3,Bom
2025-11-30,Brasília,DF,19.4,50.7,16.9,39.6,21.3,67.3,43.3,Moderado
2025-11-30,São Paulo,SP,51.6,46.4,43.7,28.7,22.9,81.7,65.8,Moderado
2025-12-01,Fortaleza,CE,29.1,42.4,31.1,17.3,26.1,78.0,44.5,Moderado
2025-12-02,Curitiba,PR,32.9,46.0,35.6,32.8,17.5,86.7,54.0,Moderado
2025-12-02,Recife,PE,21.2,29.9,20.0,26.6,29.8,76.7,35.5,Bom
2025-12-02,Recife,PE,24.9,39.3,31.3,39.9,27.4,85.2,48.5,Moderado
2025-12-02,Rio de Janeiro,RJ,22.8,32.4,26.0,38.7,26.3,80.8,43.1,Moderado
2025-12-02,Rio de Janeiro,RJ,25.1,56.3,27.8,38.4,27.7,74.7,51.6,Moderado
2025-12-02,Salvador,BA,19.0,27.6,25.2,22.7,24.4,80.2,34.4,Bom
2025-12-03,Curitiba,PR,26.5,53.7,14.9,28.0,19.7,80.8,43.5,Moderado
2025-12-03,Fortaleza,CE,29.2,47.0,18.3,40.8,28.2,87.3,48.3,Moderado
2025-12-03,Manaus,AM,17.5,66.9,13.3,20.4,27.2,93.4,39.5,Bom
2025-12-03,Salvador,BA,14.3,38.6,15.4,55.4,24.8,90.5,41.5,Moderado
2025-12-04,Belo Horizonte,MG,21.4,35.8,35.2,17.0,20.4,69.7,39.9,Bom
2025-12-04,Belo Horizonte,MG,17.0,65.4,45.6,34.9,23.1,75.9,55.4,Moderado
2025-12-04,Brasília,DF,29.1,34.3,30.8,39.7,24.7,52.9,49.1,Moderado
2025-12-05,Curitiba,PR,22.6,30.8,23.9,31.1,16.3,84.4,39.3,Bom
2025-12-05,Recife,PE,22.2,53.5,29.3,14.0,25.2,78.0,42.2,Moderado
2025-12-05,Rio de Janeiro,RJ,22.2,27.8,26.0,37.4,24.2,81.5,41.0,Moderado
2025-12-05,São Paulo,SP,31.8,66.6,26.9,35.4,23.1,81.7,56.8,Moderado
2025-12-07,Brasília,DF,24.8,41.6,24.2,45.7,25.9,60.1,48.2,Moderado
2025-12-07,São Paulo,SP,21.9,60.9,44.7,40.4,20.6,72.0,58.1,Moderado
2025-12-08,Manaus,AM,31.3,35.0,18.5,15.4,27.7,87.5,38.2,Bom
2025-12-08,Salvador,BA,7.8,30.4,30.2,19.2,25.7,75.5,30.0,Bom
2025-12-09,Fortaleza,CE,27.9,26.1,33.0,33.5,27.5,82.8,45.0,Moderado
2025-12-09,Manaus,AM,27.5,35.9,25.1,45.3,28.9,79.0,48.3,Moderado
2025-12-09,São Paulo,SP,29.8,55.3,33.5,43.0,23.5,70.1,57.4,Moderado
2025-12-10,Manaus,AM,29.3,34.3,23.5,29.7,29.8,86.2,43.3,Moderado
2025-12-11,Manaus,AM,24.4,30.5,22.8,36.2,30.5,79.3,41.4,Moderado
2025-12-12,Curitiba,PR,47.2,25.7,23.8,23.0,19.2,81.7,48.4,Moderado
2025-12-12,Fortaleza,CE,26.8,44.8,20.9,13.2,26.3,77.6,38.8,Bom
2025-12-12,Recife,PE,17.7,56.1,28.3,22.4,28.7,89.0,42.8,Moderado
2025-12-12,Salvador,BA,21.7,31.8,26.7,38.5,26.3,85.1,42.5,Moderado
2025-12-13,Curitiba,PR,16.3,27.3,24.5,31.2,17.0,74.8,35.3,Bom
2025-12-13,Recife,PE,14.8,33.3,28.3,26.3,28.7,78.3,36.1,Bom
2025-12-13,São Paulo,SP,39.0,77.6,48.5,23.6,20.5,79.6,68.1,Moderado
2025-12-14,Belo Horizonte,MG,19.0,45.9,25.8,40.9,23.7,75.5,45.5,Moderado
2025-12-14,Manaus,AM,36.3,49.2,18.2,36.5,30.9,79.1,51.4,Moderado
2025-12-14,Manaus,AM,26.6,26.8,31.0,16.4,29.2,88.3,38.4,Bom
2025-12-15,Belo Horizonte,MG,7.7,69.5,7.4,26.1,22.1,62.5,34.6,Bom
2025-12-15,Curitiba,PR,28.8,42.8,25.7,25.6,18.8,86.5,45.0,Moderado
2025-12-15,Fortaleza,CE,25.2,28.0,14.7,26.0,28.6,73.6,34.9,Bom
2025-12-15,São Paulo,SP,22.8,47.0,36.2,29.8,22.6,77.4,48.2,Moderado
2025-12-17,Brasília,DF,35.7,61.8,27.6,31.6,23.1,54.9,56.6,Moderado
2025-12-17,Rio de Janeiro,RJ,17.8,47.8,30.2,32.6,27.1,80.8,44.4,Moderado
2025-12-17,Rio de Janeiro,RJ,30.0,23.8,33.4,22.3,25.9,70.7,42.1,Moderado
2025-12-18,Brasília,DF,34.3,41.9,45.3,43.4,25.3,60.1,60.6,Moderado
2025-12-18,Curitiba,PR,30.7,29.4,11.9,28.1,17.7,85.1,37.8,Bom
2025-12-18,Rio de Janeiro,RJ,26.1,26.1,34.4,29.8,24.2,72.7,43.4,Moderado
2025-12-19,Porto Alegre,RS,22.7,57.2,38.4,26.9,20.1,80.1,51.0,Moderado
2025-12-19,Porto Alegre,RS,36.6,48.0,29.0,23.1,17.5,70.9,51.0,Moderado
2025-12-20,Brasília,DF,15.5,55.1,39.5,31.7,21.9,56.0,48.4,Moderado
2025-12-20,Curitiba,PR,13.6,56.1,28.3,22.4,18.5,77.6,40.6,Moderado
2025-12-21,Curitiba,PR,25.0,38.6,41.1,20.8,19.4,80.1,46.1,Moderado
2025-12-21,Fortaleza,CE,20.5,50.7,25.5,37.6,26.6,73.8,46.5,Moderado
2025-12-21,Porto Alegre,RS,10.5,59.1,34.8,27.8,20.3,85.3,43.9,Moderado
2025-12-21,São Paulo,SP,34.1,57.4,36.7,30.0,22.7,81.7,57.4,Moderado
2025-12-22,Brasília,DF,43.4,66.3,20.7,28.4,22.2,63.1,58.3,Moderado
2025-12-22,Manaus,AM,43.4,35.1,19.9,39.2,28.0,83.5,52.6,Moderado
2025-12-23,Rio de Janeiro,RJ,28.5,63.9,41.8,38.0,23.7,70.9,60.7,Moderado
2025-12-24,Curitiba,PR,26.7,29.6,23.0,37.5,16.2,78.6,42.9,Moderado
2025-12-24,Rio de Janeiro,RJ,34.0,40.3,29.2,39.8,25.6,73.6,52.8,Moderado
2025-12-25,Fortaleza,CE,10.5,38.5,28.3,21.8,30.7,73.1,33.8,Bom
2025-12-25,Recife,PE,16.2,39.6,28.9,31.7,29.2,80.7,40.5,Moderado
2025-12-26,Manaus,AM,25.9,51.5,21.3,39.3,28.0,90.4,48.5,Moderado
2025-12-26,Salvador,BA,17.7,32.5,25.0,19.3,28.5,83.1,33.9,Bom
2025-12-27,Belo Horizonte,MG,20.1,52.7,18.3,17.4,22.0,74.1,37.8,Bom
2025-12-27,Salvador,BA,13.7,37.6,32.9,24.2,25.0,80.4,37.8,Bom
2025-12-29,Fortaleza,CE,27.0,40.4,31.0,41.9,28.8,79.1,50.4,Moderado
2025-12-29,Rio de Janeiro,RJ,35.0,28.0,38.5,39.8,26.2,72.2,53.3,Moderado
2025-12-29,Rio de Janeiro,RJ,24.7,43.0,22.8,36.1,24.6,72.0,45.0,Moderado
2025-12-30,Recife,PE,21.6,38.7,25.6,25.4,29.2,83.3,39.9,Bom
2025-12-30,São Paulo,SP,21.6,33.8,56.4,57.4,19.6,80.1,60.1,Moderado
2025-12-31,Belo Horizonte,MG,31.4,59.5,41.7,21.5,22.7,64.4,55.8,Moderado
2025-12-31,Fortaleza,CE,28.9,46.4,30.5,38.4,30.5,72.7,51.8,Moderado
2025-12-31,Manaus,AM,30.2,46.6,16.4,19.0,31.5,92.6,41.2,Moderado
2025-12-31,Porto Alegre,RS,17.7,46.3,24.5,34.1,21.8,80.8,42.3,Moderado
